nlc,station_name,easting,northing,lines,network,london_underground,elizabeth_line,london_overground,dlr,zone,longitude,latitude
500,"ACTON TOWN",519478,179592,"District, Piccadilly","London Underground",Yes,,,,3,-0.280000,51.500000
501,BARBICAN,532004,181856,"Circle, Hammersmith & City, Metropolitan","London Underground",Yes,,,,1,-0.100000,51.520000
502,ALDGATE,533613,181262,"Circle, Metropolitan","London Underground",Yes,,,,1,-0.070000,51.510000
503,"ALDGATE EAST",533936,181375,"District, Hammersmith & City","London Underground",Yes,,,,1,-0.070000,51.510000
504,"STRATFORD INTERNATIONAL DLR",538128,184761,DLR,,,,,Yes,"2,3",-0.010000,51.540000
505,ALPERTON,517996,183795,Piccadilly,"London Underground",Yes,,,,4,-0.300000,51.540000
506,AMERSHAM,496372,198181,Metropolitan,"London Underground",Yes,,,,9,-0.610000,51.670000
507,ANGEL,531561,183100,Northern,"London Underground",Yes,,,,1,-0.100000,51.530000
508,ARCHWAY,529364,186721,Northern,"London Underground",Yes,,,,"2,3",-0.130000,51.560000
509,"ARNOS GROVE",529355,192498,Piccadilly,"London Underground",Yes,,,,4,-0.130000,51.620000
510,ARSENAL,531305,186112,Piccadilly,"London Underground",Yes,,,,2,-0.110000,51.560000
511,"BAKER STREET",527955,182064,"Bakerloo, Circle, Jubilee, Hammersmith & City, Metropolitan","London Underground",Yes,,,,1,-0.160000,51.520000
512,"BALHAM LU",528480,173244,Northern,"London Underground",Yes,,,,3,-0.150000,51.440000
513,"BANK AND MONUMENT",532710,181120,"Central, Circle, District, DLR, Northern, Waterloo & City","London Underground",Yes,,,Yes,1,-0.090000,51.510000
514,BARKING,544359,184382,"District, Hammersmith & City, London Overground","London Underground",Yes,,Yes,,4,0.080000,51.540000
515,BARKINGSIDE,544799,189494,Central,"London Underground",Yes,,,,4,0.090000,51.590000
516,"BARONS COURT",524046,178328,"District, Piccadilly","London Underground",Yes,,,,2,-0.210000,51.490000
517,BAYSWATER,525843,180823,"Circle, District","London Underground",Yes,,,,1,-0.190000,51.510000
518,BECONTREE,547628,184527,District,"London Underground",Yes,,,,5,0.130000,51.540000
519,"BELSIZE PARK",527354,185089,Northern,"London Underground",Yes,,,,2,-0.160000,51.550000
520,"BETHNAL GREEN LU",535044,182718,Central,"London Underground",Yes,,,,2,-0.050000,51.530000
521,"BLACKFRIARS LU",531694,180893,"Circle, District","London Underground",Yes,,,,1,-0.100000,51.510000
522,"BLACKHORSE ROAD",535761,189370,"London Overground, Victoria","London Underground",Yes,,Yes,,3,-0.040000,51.590000
523,"KING GEORGE V",543237,180137,DLR,,,,,Yes,3,0.060000,51.500000
524,"BOND STREET",528491,181118,"Central, Jubilee, TfL Rail","London Underground",Yes,Yes,,,1,-0.150000,51.510000
525,BOROUGH,532440,179751,Northern,"London Underground",Yes,,,,1,-0.090000,51.500000
526,"BOSTON MANOR",516334,178693,Piccadilly,"London Underground",Yes,,,,4,-0.320000,51.490000
527,"BOUNDS GREEN",529984,191469,Piccadilly,"London Underground",Yes,,,,"3,4",-0.120000,51.610000
528,"BOW ROAD",537090,182736,"District, Hammersmith & City","London Underground",Yes,,,,2,-0.020000,51.530000
529,"BRENT CROSS",523874,187934,Northern,"London Underground",Yes,,,,3,-0.210000,51.580000
530,BROMLEY-BY-BOW,538050,182524,"District, Hammersmith & City","London Underground",Yes,,,,"2,3",-0.010000,51.520000
531,"BUCKHURST HILL",541778,193891,Central,"London Underground",Yes,,,,5,0.050000,51.630000
532,"BURNT OAK",520326,190760,Northern,"London Underground",Yes,,,,4,-0.260000,51.600000
533,"LONDON CITY AIRPORT",542250,180292,DLR,,,,,Yes,3,0.050000,51.500000
534,"CALEDONIAN ROAD",530558,184970,Piccadilly,"London Underground",Yes,,,,2,-0.120000,51.550000
535,"CAMDEN TOWN",528910,183894,Northern,"London Underground",Yes,,,,2,-0.140000,51.540000
536,"CANNON STREET LU",532611,180900,"Circle, District","London Underground",Yes,,,,1,-0.090000,51.510000
537,"CANONS PARK",518187,191252,Jubilee,"London Underground",Yes,,,,5,-0.290000,51.610000
538,"PONTOON DOCK",541219,180109,DLR,,,,,Yes,3,0.030000,51.500000
539,"CHALFONT & LATIMER",499634,197564,Metropolitan,"London Underground",Yes,,,,8,-0.560000,51.670000
540,"CHALK FARM",528202,184391,Northern,"London Underground",Yes,,,,2,-0.150000,51.540000
541,"CHANCERY LANE",531124,181615,Central,"London Underground",Yes,,,,1,-0.110000,51.520000
542,EMBANKMENT,530419,180396,"Bakerloo, Circle, District, Northern","London Underground",Yes,,,,1,-0.120000,51.510000
543,CHESHAM,496079,201633,Metropolitan,"London Underground",Yes,,,,9,-0.610000,51.700000
544,CHIGWELL,543795,193021,Central,"London Underground",Yes,,,,4,0.080000,51.620000
545,"CHISWICK PARK",520293,178724,District,"London Underground",Yes,,,,3,-0.270000,51.490000
546,CHORLEYWOOD,502581,196095,Metropolitan,"London Underground",Yes,,,,7,-0.520000,51.650000
547,"CLAPHAM COMMON",529505,175338,Northern,"London Underground",Yes,,,,2,-0.140000,51.460000
548,"CLAPHAM NORTH",530039,175743,Northern,"London Underground",Yes,,,,2,-0.130000,51.470000
549,"CLAPHAM SOUTH",528834,174323,Northern,"London Underground",Yes,,,,"2,3",-0.150000,51.450000
550,COCKFOSTERS,528141,196370,Piccadilly,"London Underground",Yes,,,,5,-0.150000,51.650000
551,COLINDALE,521319,189962,Northern,"London Underground",Yes,,,,4,-0.250000,51.590000
552,"COLLIERS WOOD",526788,170368,Northern,"London Underground",Yes,,,,3,-0.180000,51.420000
553,"COVENT GARDEN",530251,181025,Piccadilly,"London Underground",Yes,,,,1,-0.120000,51.510000
554,CROXLEY,507909,195403,Metropolitan,"London Underground",Yes,,,,7,-0.440000,51.650000
555,"DAGENHAM EAST",550294,185030,District,"London Underground",Yes,,,,5,0.170000,51.540000
556,"DAGENHAM HEATHWAY",549023,184710,District,"London Underground",Yes,,,,5,0.150000,51.540000
557,DEBDEN,544273,196122,Central,"London Underground",Yes,,,,6,0.090000,51.640000
558,"DOLLIS HILL",522190,185144,Jubilee,"London Underground",Yes,,,,3,-0.240000,51.550000
559,"WEST SILVERTOWN",540460,180156,DLR,,,,,Yes,3,0.020000,51.500000
560,"EALING BROADWAY",517989,180933,"Central, District, TfL Rail","London Underground",Yes,Yes,,,3,-0.300000,51.510000
561,"EALING COMMON",518896,180346,"District, Piccadilly","London Underground",Yes,,,,3,-0.290000,51.510000
562,"EARL'S COURT",525534,178552,"District, Piccadilly","London Underground",Yes,,,,"1,2",-0.190000,51.490000
563,"EAST ACTON",521721,181198,Central,"London Underground",Yes,,,,2,-0.250000,51.520000
564,EASTCOTE,511153,187622,"Metropolitan, Piccadilly","London Underground",Yes,,,,5,-0.400000,51.580000
565,"EAST FINCHLEY",527222,189184,Northern,"London Underground",Yes,,,,3,-0.160000,51.590000
566,"EAST HAM",542463,184275,"District, Hammersmith & City","London Underground",Yes,,,,"3,4",0.050000,51.540000
567,"EAST PUTNEY",524382,174870,District,"London Underground",Yes,,,,"2,3",-0.210000,51.460000
568,EDGWARE,519550,191940,Northern,"London Underground",Yes,,,,5,-0.270000,51.610000
569,"EDGWARE ROAD (DIS)",527220,181697,"Circle, District, Hammersmith & City","London Underground",Yes,,,,1,-0.170000,51.520000
570,"ELEPHANT & CASTLE LU",531909,179142,"Northern, Bakerloo","London Underground",Yes,,,,"1,2",-0.100000,51.500000
571,"ELM PARK",552542,185716,District,"London Underground",Yes,,,,6,0.200000,51.550000
572,EPPING,546209,201538,Central,"London Underground",Yes,,,,6,0.120000,51.690000
573,"WOOLWICH ARSENAL",543731,178811,DLR,,,,,Yes,4,0.070000,51.490000
574,"EUSTON LU",529498,182668,"Northern, Victoria","London Underground",Yes,,,,1,-0.130000,51.530000
575,"EUSTON SQUARE",529417,182393,"Circle, Hammersmith & City, Metropolitan","London Underground",Yes,,,,1,-0.130000,51.530000
576,FAIRLOP,544936,190595,Central,"London Underground",Yes,,,,4,0.090000,51.600000
577,FARRINGDON,531560,181874,"Circle, Hammersmith & City, Metropolitan, TfL Rail","London Underground",Yes,Yes,,,1,-0.100000,51.520000
578,"FINCHLEY CENTRAL",525278,190668,Northern,"London Underground",Yes,,,,4,-0.190000,51.600000
579,"FINCHLEY ROAD",526220,184716,"Metropolitan, Jubilee","London Underground",Yes,,,,2,-0.180000,51.550000
580,"FINSBURY PARK",531330,186775,"Piccadilly, Victoria","London Underground",Yes,,,,2,-0.110000,51.560000
581,"FULHAM BROADWAY",525455,177302,District,"London Underground",Yes,,,,2,-0.190000,51.480000
582,"GANTS HILL",543274,188430,Central,"London Underground",Yes,,,,4,0.070000,51.580000
583,"GLOUCESTER ROAD",526183,178846,"District, Piccadilly, Circle","London Underground",Yes,,,,1,-0.180000,51.490000
584,"GOLDERS GREEN",525255,187480,Northern,"London Underground",Yes,,,,3,-0.190000,51.570000
585,"GOLDHAWK ROAD",523184,179608,"Circle, Hammersmith & City","London Underground",Yes,,,,2,-0.230000,51.500000
586,"GOODGE STREET",529537,181837,Northern,"London Underground",Yes,,,,1,-0.130000,51.520000
587,"GRANGE HILL",544967,192559,Central,"London Underground",Yes,,,,4,0.090000,51.610000
588,"GREAT PORTLAND STREET",528838,182180,"Circle, Hammersmith & City, Metropolitan","London Underground",Yes,,,,1,-0.140000,51.520000
589,GREENFORD,514763,183928,Central,"London Underground",Yes,,,,4,-0.340000,51.540000
590,"GREEN PARK",529007,180295,"Jubilee, Piccadilly, Victoria","London Underground",Yes,,,,1,-0.140000,51.510000
591,GUNNERSBURY,519845,178388,"District, London Overground","London Underground",Yes,,Yes,,3,-0.270000,51.490000
592,HAINAULT,545080,191498,Central,"London Underground",Yes,,,,4,0.100000,51.600000
593,"HAMMERSMITH (DIS)",523461,178503,"District, Piccadilly","London Underground",Yes,,,,2,-0.220000,51.490000
594,HAMPSTEAD,526373,185761,Northern,"London Underground",Yes,,,,"2,3",-0.180000,51.560000
595,"HANGER LANE",518527,182634,Central,"London Underground",Yes,,,,3,-0.290000,51.530000
596,HARLESDEN,520875,183414,"Bakerloo, London Overground","London Underground",Yes,,Yes,,3,-0.260000,51.540000
597,"HARROW & WEALDSTONE",515443,189446,"Bakerloo, London Overground","London Underground",Yes,,Yes,,5,-0.330000,51.590000
598,HARROW-ON-THE-HILL,515346,188038,Metropolitan,"London Underground",Yes,,,,5,-0.340000,51.580000
599,"WOOD LANE",523374,180519,"Circle, Hammersmith & City","London Underground",Yes,,,,2,-0.220000,51.510000
601,"HENDON CENTRAL",522986,188636,Northern,"London Underground",Yes,,,,"3,4",-0.220000,51.580000
602,"HIGH BARNET",525030,196180,Northern,"London Underground",Yes,,,,5,-0.190000,51.650000
603,"HIGHBURY & ISLINGTON",531583,184874,"London Overground, Victoria","London Underground",Yes,,Yes,,2,-0.100000,51.550000
604,HIGHGATE,528535,188181,Northern,"London Underground",Yes,,,,3,-0.140000,51.580000
605,"HIGH STREET KENSINGTON",525578,179494,"Circle, District","London Underground",Yes,,,,1,-0.190000,51.500000
606,HILLINGDON,507602,185035,"Metropolitan, Piccadilly","London Underground",Yes,,,,6,-0.450000,51.550000
607,HOLBORN,530512,181525,"Central, Piccadilly","London Underground",Yes,,,,1,-0.120000,51.520000
608,"HOLLAND PARK",524626,180217,Central,"London Underground",Yes,,,,2,-0.200000,51.510000
609,"HOLLOWAY ROAD",530907,185450,Piccadilly,"London Underground",Yes,,,,2,-0.110000,51.550000
610,HORNCHURCH,553944,186240,District,"London Underground",Yes,,,,6,0.220000,51.550000
611,"HOUNSLOW CENTRAL",513568,175971,Piccadilly,"London Underground",Yes,,,,4,-0.360000,51.470000
612,"HOUNSLOW EAST",514255,176203,Piccadilly,"London Underground",Yes,,,,4,-0.350000,51.470000
613,"HOUNSLOW WEST",512208,176197,Piccadilly,"London Underground",Yes,,,,5,-0.380000,51.470000
614,"HYDE PARK CORNER",528213,179817,Piccadilly,"London Underground",Yes,,,,1,-0.150000,51.500000
615,ICKENHAM,508092,185938,"Metropolitan, Piccadilly","London Underground",Yes,,,,6,-0.440000,51.560000
616,KENNINGTON,531599,178300,Northern,"London Underground",Yes,,,,"1,2",-0.100000,51.490000
617,"KENSAL GREEN",523257,182790,"Bakerloo, London Overground","London Underground",Yes,,Yes,,2,-0.220000,51.530000
618,"KENSINGTON (OLYMPIA)",524342,179162,"District, London Overground","London Underground",Yes,,Yes,,2,-0.210000,51.500000
619,"KENTISH TOWN",529009,185127,Northern,"London Underground",Yes,,,,2,-0.140000,51.550000
620,KENTON,516728,188314,"Bakerloo, London Overground","London Underground",Yes,,Yes,,4,-0.320000,51.580000
621,"KEW GARDENS",519196,176732,"District, London Overground","London Underground",Yes,,Yes,,"3,4",-0.280000,51.480000
622,KILBURN,524583,184645,Jubilee,"London Underground",Yes,,,,2,-0.200000,51.550000
623,"KILBURN PARK",525358,183328,Bakerloo,"London Underground",Yes,,,,2,-0.190000,51.530000
624,KINGSBURY,519359,188713,Jubilee,"London Underground",Yes,,,,4,-0.280000,51.580000
625,"KING'S CROSS ST. PANCRAS",530175,182875,"Circle, Hammersmith & City, Metropolitan, Northern, Piccadilly, Victoria","London Underground",Yes,,,,1,-0.120000,51.530000
626,KNIGHTSBRIDGE,527710,179636,Piccadilly,"London Underground",Yes,,,,1,-0.160000,51.500000
627,"LADBROKE GROVE",524235,181339,"Circle, Hammersmith & City","London Underground",Yes,,,,2,-0.210000,51.520000
628,"LAMBETH NORTH",531134,179456,Bakerloo,"London Underground",Yes,,,,1,-0.110000,51.500000
629,"LANCASTER GATE",526711,180773,Central,"London Underground",Yes,,,,1,-0.170000,51.510000
630,"LATIMER ROAD",523763,180898,"Circle, Hammersmith & City","London Underground",Yes,,,,2,-0.220000,51.510000
631,"LEICESTER SQUARE",529980,180824,"Piccadilly, Northern","London Underground",Yes,,,,1,-0.130000,51.510000
632,LEYTON,538367,186076,Central,"London Underground",Yes,,,,3,0.000000,51.560000
633,LEYTONSTONE,539279,187405,Central,"London Underground",Yes,,,,"3,4",0.010000,51.570000
634,"LIVERPOOL STREET LU",533094,181567,"Central, Circle, Hammersmith & City, London Overground, Metropolitan","London Underground",Yes,,Yes,,1,-0.080000,51.520000
635,"LONDON BRIDGE LU",532683,180189,"Northern, Jubilee","London Underground",Yes,,,,1,-0.090000,51.500000
636,LOUGHTON,542319,195612,Central,"London Underground",Yes,,,,6,0.060000,51.640000
637,"MAIDA VALE",525940,182762,Bakerloo,"London Underground",Yes,,,,2,-0.180000,51.530000
638,"MANOR HOUSE",532048,187482,Piccadilly,"London Underground",Yes,,,,"2,3",-0.090000,51.570000
639,"MANSION HOUSE",532354,180932,"Circle, District","London Underground",Yes,,,,1,-0.090000,51.510000
640,"MARBLE ARCH",527960,181017,Central,"London Underground",Yes,,,,1,-0.160000,51.510000
641,"MARYLEBONE LU",527459,181957,Bakerloo,"London Underground",Yes,,,,1,-0.160000,51.520000
642,"MILE END",536501,182534,"District, Hammersmith & City, Central","London Underground",Yes,,,,2,-0.030000,51.520000
643,"MILL HILL EAST",524046,191450,Northern,"London Underground",Yes,,,,4,-0.210000,51.610000
645,MOORGATE,532668,181668,"Circle, Hammersmith & City, Metropolitan","London Underground",Yes,,,,1,-0.090000,51.520000
646,"MOOR PARK",508606,193503,Metropolitan,"London Underground",Yes,,,,"6,7",-0.430000,51.630000
647,MORDEN,525670,168602,Northern,"London Underground",Yes,,,,4,-0.190000,51.400000
648,"MORNINGTON CRESCENT",529192,183397,Northern,"London Underground",Yes,,,,2,-0.140000,51.530000
649,NEASDEN,521342,185398,Jubilee,"London Underground",Yes,,,,3,-0.250000,51.550000
650,"NEWBURY PARK",544920,188385,Central,"London Underground",Yes,,,,4,0.090000,51.580000
653,"NORTH ACTON",520828,181957,Central,"London Underground",Yes,,,,"2,3",-0.260000,51.520000
654,"NORTH EALING",518828,181228,Piccadilly,"London Underground",Yes,,,,3,-0.290000,51.520000
655,NORTHFIELDS,517197,179206,Piccadilly,"London Underground",Yes,,,,3,-0.310000,51.500000
656,"NORTH HARROW",513541,188613,Metropolitan,"London Underground",Yes,,,,5,-0.360000,51.580000
657,NORTHOLT,513213,184524,Central,"London Underground",Yes,,,,5,-0.370000,51.550000
659,"NORTH WEMBLEY",517668,186198,"Bakerloo, London Overground","London Underground",Yes,,Yes,,4,-0.300000,51.560000
660,"NORTHWICK PARK",516643,187964,Metropolitan,"London Underground",Yes,,,,4,-0.320000,51.580000
661,NORTHWOOD,509230,191419,Metropolitan,"London Underground",Yes,,,,6,-0.420000,51.610000
662,"NORTHWOOD HILLS",510308,190238,Metropolitan,"London Underground",Yes,,,,6,-0.410000,51.600000
663,"NOTTING HILL GATE",525285,180456,"Central, Circle, District","London Underground",Yes,,,,"1,2",-0.190000,51.510000
664,OAKWOOD,529390,195935,Piccadilly,"London Underground",Yes,,,,5,-0.130000,51.650000
665,"OLD STREET",532764,182419,Northern,"London Underground",Yes,,,,1,-0.090000,51.520000
667,OSTERLEY,514520,177097,Piccadilly,"London Underground",Yes,,,,4,-0.350000,51.480000
668,OVAL,531170,177565,Northern,"London Underground",Yes,,,,2,-0.110000,51.480000
669,"OXFORD CIRCUS",529047,181236,"Bakerloo, Central, Victoria","London Underground",Yes,,,,1,-0.140000,51.510000
670,"PADDINGTON TFL",526459,181527,"Circle, District, Hammersmith & City","London Underground",Yes,,,,1,-0.180000,51.520000
671,"PARK ROYAL",519142,182236,Piccadilly,"London Underground",Yes,,,,3,-0.280000,51.530000
672,"PARSONS GREEN",524985,176647,District,"London Underground",Yes,,,,2,-0.200000,51.470000
673,PERIVALE,516378,183315,Central,"London Underground",Yes,,,,4,-0.320000,51.540000
674,"PICCADILLY CIRCUS",529613,180666,"Bakerloo, Piccadilly","London Underground",Yes,,,,1,-0.130000,51.510000
675,PINNER,512236,189461,Metropolitan,"London Underground",Yes,,,,5,-0.380000,51.590000
676,PLAISTOW,540003,183297,"District, Hammersmith & City","London Underground",Yes,,,,3,0.020000,51.530000
677,"PRESTON ROAD",518249,187282,Metropolitan,"London Underground",Yes,,,,4,-0.290000,51.570000
678,"PUTNEY BRIDGE",524519,175887,District,"London Underground",Yes,,,,2,-0.210000,51.470000
679,QUEENSBURY,518809,189763,Jubilee,"London Underground",Yes,,,,4,-0.280000,51.590000
680,"QUEEN'S PARK",524547,183200,"Bakerloo, London Overground","London Underground",Yes,,Yes,,2,-0.200000,51.530000
681,QUEENSWAY,525903,180594,Central,"London Underground",Yes,,,,1,-0.190000,51.510000
682,"RAVENSCOURT PARK",522571,178722,District,"London Underground",Yes,,,,2,-0.230000,51.490000
683,"RAYNERS LANE",512953,187515,"Metropolitan, Piccadilly","London Underground",Yes,,,,5,-0.370000,51.570000
684,REDBRIDGE,541834,188358,Central,"London Underground",Yes,,,,4,0.050000,51.580000
685,"REGENT'S PARK",528699,182113,Bakerloo,"London Underground",Yes,,,,1,-0.140000,51.520000
686,RICHMOND,518077,175161,"District, London Overground","London Underground",Yes,,Yes,,4,-0.300000,51.460000
687,RICKMANSWORTH,505716,194601,Metropolitan,"London Underground",Yes,,,,7,-0.470000,51.640000
688,"RODING VALLEY",541590,192895,Central,"London Underground",Yes,,,,4,0.050000,51.620000
690,"ROYAL OAK",525834,181571,"Circle, Hammersmith & City","London Underground",Yes,,,,2,-0.190000,51.520000
691,RUISLIP,509474,187004,"Metropolitan, Piccadilly","London Underground",Yes,,,,6,-0.420000,51.570000
692,"RUISLIP GARDENS",510266,185852,Central,"London Underground",Yes,,,,5,-0.410000,51.560000
693,"RUISLIP MANOR",510160,187262,"Metropolitan, Piccadilly","London Underground",Yes,,,,6,-0.410000,51.570000
694,"RUSSELL SQUARE",530229,182128,Piccadilly,"London Underground",Yes,,,,1,-0.120000,51.520000
695,"ST. JAMES'S PARK",529647,179498,"Circle, District","London Underground",Yes,,,,1,-0.130000,51.500000
696,"ST. JOHN'S WOOD",526735,183391,Jubilee,"London Underground",Yes,,,,2,-0.170000,51.530000
697,"ST. PAUL'S",532108,181274,Central,"London Underground",Yes,,,,1,-0.100000,51.510000
698,"SEVEN SISTERS",533643,188931,"London Overground, Victoria","London Underground",Yes,,Yes,,3,-0.070000,51.580000
700,"SHEPHERD'S BUSH LU",523720,179884,Central,"London Underground",Yes,,,,2,-0.220000,51.500000
702,"SLOANE SQUARE",528091,178655,"Circle, District","London Underground",Yes,,,,1,-0.150000,51.490000
703,SNARESBROOK,540157,188804,Central,"London Underground",Yes,,,,4,0.020000,51.580000
704,"SOUTH EALING",517575,179354,Piccadilly,"London Underground",Yes,,,,3,-0.310000,51.500000
705,SOUTHFIELDS,524726,173313,District,"London Underground",Yes,,,,3,-0.210000,51.440000
706,SOUTHGATE,529676,194265,Piccadilly,"London Underground",Yes,,,,4,-0.130000,51.630000
707,"SOUTH HARROW",514321,186361,Piccadilly,"London Underground",Yes,,,,5,-0.350000,51.560000
708,"SOUTH KENSINGTON",526918,178820,"District, Piccadilly, Circle","London Underground",Yes,,,,1,-0.170000,51.490000
709,"SOUTH KENTON",517336,187060,"Bakerloo, London Overground","London Underground",Yes,,Yes,,4,-0.310000,51.570000
710,"SOUTH RUISLIP",511097,185434,Central,"London Underground",Yes,,,,5,-0.400000,51.560000
711,"SOUTH WIMBLEDON",525736,169989,Northern,"London Underground",Yes,,,,"3,4",-0.190000,51.410000
712,"SOUTH WOODFORD",540536,190063,Central,"London Underground",Yes,,,,4,0.030000,51.590000
713,"STAMFORD BROOK",521859,178789,District,"London Underground",Yes,,,,2,-0.240000,51.490000
714,STANMORE,517563,192573,Jubilee,"London Underground",Yes,,,,5,-0.300000,51.620000
715,"STEPNEY GREEN",535621,182136,"District, Hammersmith & City","London Underground",Yes,,,,2,-0.040000,51.520000
716,STOCKWELL,530460,176433,"Northern, Victoria","London Underground",Yes,,,,2,-0.120000,51.470000
717,"STONEBRIDGE PARK",519616,184218,"Bakerloo, London Overground","London Underground",Yes,,Yes,,3,-0.270000,51.540000
718,"CHARING CROSS LU",530058,180378,"Bakerloo, Northern","London Underground",Yes,,,,1,-0.130000,51.510000
719,STRATFORD,538530,184395,"Central, DLR, Jubilee, London Overground, TfL Rail","London Underground",Yes,Yes,Yes,Yes,"2,3",0.000000,51.540000
720,"SUDBURY HILL",515412,185542,Piccadilly,"London Underground",Yes,,,,4,-0.340000,51.560000
721,"SUDBURY TOWN",516875,184890,Piccadilly,"London Underground",Yes,,,,4,-0.310000,51.550000
723,"SWISS COTTAGE",526664,184335,Jubilee,"London Underground",Yes,,,,2,-0.170000,51.540000
724,TEMPLE,530959,180803,"Circle, District","London Underground",Yes,,,,1,-0.110000,51.510000
725,"THEYDON BOIS",545542,199101,Central,"London Underground",Yes,,,,6,0.100000,51.670000
726,"TOOTING BEC",528047,172374,Northern,"London Underground",Yes,,,,3,-0.160000,51.440000
727,"TOOTING BROADWAY",527434,171443,Northern,"London Underground",Yes,,,,3,-0.170000,51.430000
728,"TOTTENHAM COURT ROAD",529815,181382,"Central, Northern, TfL Rail","London Underground",Yes,Yes,,,1,-0.130000,51.520000
729,"TOTTENHAM HALE LU",534484,189471,Victoria,"London Underground",Yes,,,,3,-0.060000,51.590000
730,"TOTTERIDGE & WHETSTONE",526120,193989,Northern,"London Underground",Yes,,,,4,-0.180000,51.630000
731,"TOWER HILL",533579,180755,"Circle, District","London Underground",Yes,,,,1,-0.070000,51.510000
733,"TUFNELL PARK",529149,185860,Northern,"London Underground",Yes,,,,2,-0.140000,51.560000
734,"TURNHAM GREEN",521266,178779,"District, Piccadilly","London Underground",Yes,,,,"2,3",-0.250000,51.490000
735,"TURNPIKE LANE",531513,189638,Piccadilly,"London Underground",Yes,,,,3,-0.100000,51.590000
736,UPMINSTER,556146,186868,"District, London Overground","London Underground",Yes,,Yes,,6,0.250000,51.560000
737,"UPMINSTER BRIDGE",555088,186770,District,"London Underground",Yes,,,,6,0.240000,51.560000
738,UPNEY,545846,184254,District,"London Underground",Yes,,,,4,0.100000,51.540000
739,"UPTON PARK",541254,183793,"District, Hammersmith & City","London Underground",Yes,,,,3,0.040000,51.530000
740,UXBRIDGE,505661,184161,"Metropolitan, Piccadilly","London Underground",Yes,,,,6,-0.480000,51.550000
741,"VICTORIA LU",528999,179130,"Circle, District, Victoria","London Underground",Yes,,,,1,-0.140000,51.500000
742,"WALTHAMSTOW CENTRAL",537176,188994,"London Overground, Victoria","London Underground",Yes,,Yes,,3,-0.020000,51.580000
743,WANSTEAD,540673,188254,Central,"London Underground",Yes,,,,4,0.030000,51.580000
745,"WARREN STREET",529249,182266,"Northern, Victoria","London Underground",Yes,,,,1,-0.140000,51.520000
746,"WARWICK AVENUE",526112,182039,Bakerloo,"London Underground",Yes,,,,2,-0.180000,51.520000
747,"WATERLOO LU",530968,179962,"Bakerloo, Jubilee, Northern, Waterloo & City","London Underground",Yes,,,,1,-0.110000,51.500000
748,WATFORD,509569,196596,Metropolitan,"London Underground",Yes,,,,7,-0.420000,51.660000
749,"STRATFORD HIGH STREET",538752,184020,DLR,,,,,Yes,"2,3",0.000000,51.540000
750,"ABBEY ROAD",539077,183399,DLR,,,,,Yes,"2,3",0.010000,51.530000
751,"WEMBLEY CENTRAL",518183,185085,"Bakerloo, London Overground","London Underground",Yes,,Yes,,4,-0.300000,51.550000
752,"WEMBLEY PARK",519316,186388,"Metropolitan, Jubilee","London Underground",Yes,,,,4,-0.280000,51.560000
753,"WEST ACTON",519373,181296,Central,"London Underground",Yes,,,,3,-0.280000,51.520000
754,"WESTBOURNE PARK",524901,181756,"Circle, Hammersmith & City","London Underground",Yes,,,,2,-0.200000,51.520000
755,"WEST BROMPTON",525381,178024,"District, London Overground","London Underground",Yes,,Yes,,2,-0.190000,51.490000
756,"WEST FINCHLEY",525546,191627,Northern,"London Underground",Yes,,,,4,-0.190000,51.610000
757,"WEST HAM",539131,182945,"District, DLR, Hammersmith & City, Jubilee","London Underground",Yes,,,Yes,"2,3",0.010000,51.530000
758,"WEST HAMPSTEAD LU",525592,184653,Jubilee,"London Underground",Yes,,,,2,-0.190000,51.550000
759,"WEST HARROW",514200,188029,Metropolitan,"London Underground",Yes,,,,5,-0.350000,51.580000
760,"WEST KENSINGTON",524685,178398,District,"London Underground",Yes,,,,2,-0.200000,51.490000
761,WESTMINSTER,530196,179668,"Circle, District, Jubilee","London Underground",Yes,,,,1,-0.120000,51.500000
762,"WEST RUISLIP",508379,186796,Central,"London Underground",Yes,,,,6,-0.440000,51.570000
763,WHITECHAPEL,534698,181851,"District, Hammersmith & City, London Overground, TfL Rail","London Underground",Yes,Yes,Yes,,2,-0.060000,51.520000
764,"WHITE CITY",523308,180748,Central,"London Underground",Yes,,,,2,-0.220000,51.510000
765,"WILLESDEN GREEN",523329,184883,Jubilee,"London Underground",Yes,,,,"2,3",-0.220000,51.550000
766,"WILLESDEN JUNCTION",521858,182960,"Bakerloo, London Overground","London Underground",Yes,,Yes,,"2,3",-0.240000,51.530000
767,WIMBLEDON,524800,170684,District,"London Underground",Yes,,,,3,-0.200000,51.420000
768,"WIMBLEDON PARK",525282,172100,District,"London Underground",Yes,,,,3,-0.200000,51.430000
769,WOODFORD,540950,191740,Central,"London Underground",Yes,,,,4,0.040000,51.610000
770,"WOOD GREEN",531015,190428,Piccadilly,"London Underground",Yes,,,,3,-0.110000,51.600000
771,"WOODSIDE PARK",525718,192588,Northern,"London Underground",Yes,,,,4,-0.180000,51.620000
773,"HAMMERSMITH (H&C)",523325,178698,"Circle, Hammersmith & City","London Underground",Yes,,,,2,-0.220000,51.490000
774,"EDGWARE ROAD (BAK)",527047,181759,Bakerloo,"London Underground",Yes,,,,1,-0.170000,51.520000
775,"SHEPHERD'S BUSH MARKET",523197,180064,"Circle, Hammersmith & City","London Underground",Yes,,,,2,-0.220000,51.510000
776,PIMLICO,529671,178333,Victoria,"London Underground",Yes,,,,1,-0.130000,51.490000
777,"VAUXHALL LU",530337,177973,Victoria,"London Underground",Yes,,,,"1,2",-0.120000,51.490000
778,"BRIXTON LU",531052,175429,Victoria,"London Underground",Yes,,,,2,-0.110000,51.460000
779,"HATTON CROSS",509608,175363,Piccadilly,"London Underground",Yes,,,,"5,6",-0.420000,51.470000
780,"HEATHROW TERMINALS 123 LU",507586,175840,Piccadilly,"London Underground",Yes,,,,6,-0.450000,51.470000
781,"HEATHROW TERMINAL 4 LU",508082,174430,Piccadilly,"London Underground",Yes,,,,6,-0.440000,51.460000
783,"HEATHROW TERMINAL 5 LU",505109,175924,Piccadilly,"London Underground",Yes,,,,6,-0.490000,51.470000
784,SOUTHWARK,531592,180074,Jubilee,"London Underground",Yes,,,,1,-0.100000,51.500000
787,BERMONDSEY,534460,179416,Jubilee,"London Underground",Yes,,,,2,-0.060000,51.500000
788,"CANADA WATER",535475,179472,"Jubilee, London Overground","London Underground",Yes,,Yes,,2,-0.050000,51.500000
789,"NORTH GREENWICH",539216,179859,Jubilee,"London Underground",Yes,,,,"2,3",0.010000,51.500000
831,"NINE ELMS",530058,177332,Northern,"London Underground",Yes,,,,1,-0.130000,51.480000
832,"BATTERSEA POWER STATION",529122,177252,Northern,"London Underground",Yes,,,,1,-0.140000,51.480000
842,"CANARY WHARF DLR",537450,180322,DLR,,,,,Yes,2,-0.020000,51.500000
850,"ALL SAINTS",537979,180993,DLR,,,,,Yes,2,-0.010000,51.510000
851,"BOW CHURCH",537393,182829,DLR,,,,,Yes,2,-0.020000,51.530000
852,"CANARY WHARF LU",537677,180140,Jubilee,"London Underground",Yes,,,,2,-0.020000,51.500000
853,"LANGDON PARK",537894,181442,DLR,,,,,Yes,2,-0.010000,51.510000
854,CROSSHARBOUR,537927,179309,DLR,,,,,Yes,2,-0.010000,51.500000
855,"HERON QUAYS",537421,180122,DLR,,,,,Yes,2,-0.020000,51.500000
856,"ISLAND GARDENS",538227,178444,DLR,,,,,Yes,2,-0.010000,51.490000
857,MUDCHUTE,537904,178750,DLR,,,,,Yes,2,-0.010000,51.490000
858,POPLAR,537701,180617,DLR,,,,,Yes,2,-0.020000,51.510000
859,"PUDDING MILL LANE",537847,183568,DLR,,,,,Yes,"2,3",-0.010000,51.530000
860,"SHADWELL DLR",534947,180986,DLR,,,,,Yes,2,-0.060000,51.510000
861,"SOUTH QUAY",537597,179824,DLR,,,,,Yes,2,-0.020000,51.500000
862,"LIMEHOUSE DLR",536127,181086,DLR,,,,,Yes,2,-0.040000,51.510000
864,"TOWER GATEWAY",533706,180834,DLR,,,,,Yes,1,-0.070000,51.510000
865,WESTFERRY,537023,180798,DLR,,,,,Yes,2,-0.030000,51.510000
866,"WEST INDIA QUAY",537495,180586,DLR,,,,,Yes,2,-0.020000,51.510000
867,"DEVONS ROAD",537639,182257,DLR,,,,,Yes,2,-0.020000,51.520000
879,"CUTTY SARK",538206,177733,DLR,,,,,Yes,"2,3",-0.010000,51.480000
882,BLACKWALL,538398,180664,DLR,,,,,Yes,2,-0.010000,51.510000
883,"EAST INDIA",538732,180831,DLR,,,,,Yes,"2,3",0.000000,51.510000
884,"CANNING TOWN",539428,181377,"DLR, Jubilee ","London Underground",Yes,,,Yes,"2,3",0.010000,51.510000
886,"ROYAL VICTORIA",540122,180852,DLR,,,,,Yes,3,0.020000,51.510000
887,"CUSTOM HOUSE",540731,180925,"DLR, TfL Rail",,,Yes,,Yes,3,0.030000,51.510000
888,"PRINCE REGENT",541264,180899,DLR,,,,,Yes,3,0.040000,51.510000
889,"STAR LANE",539145,182115,DLR,,,,,Yes,"2,3",0.010000,51.520000
890,"ROYAL ALBERT",542077,180815,DLR,,,,,Yes,3,0.050000,51.510000
891,"BECKTON PARK",542705,180873,DLR,,,,,Yes,3,0.060000,51.510000
893,CYPRUS,543331,180860,DLR,,,,,Yes,3,0.070000,51.510000
894,"GALLIONS REACH",543872,180929,DLR,,,,,Yes,3,0.070000,51.510000
895,BECKTON,543165,181514,DLR,,,,,Yes,3,0.060000,51.510000
897,"DEPTFORD BRIDGE",537438,176892,DLR,,,,,Yes,"2,3",-0.020000,51.470000
898,"ELVERSON ROAD",537877,176280,DLR,,,,,Yes,"2,3",-0.010000,51.470000
928,GREENWICH,538052,177334,DLR,,,,,Yes,"2,3",-0.010000,51.480000
940,"LEWISHAM DLR",538046,175946,DLR,,,,,Yes,"2,3",-0.010000,51.470000
1022,HAGGERSTON,533560,183992,"London Overground",,,,Yes,,2,-0.070000,51.540000
1023,HOXTON,533576,183148,"London Overground",,,,Yes,,"1,2",-0.070000,51.530000
1024,"SHOREDITCH HIGH STREET",533555,182248,"London Overground",,,,Yes,,1,-0.070000,51.520000
1039,ROTHERHITHE,535299,179811,"London Overground",,,,Yes,,2,-0.050000,51.500000
1082,"SHADWELL LO",534932,180932,"London Overground",,,,Yes,,2,-0.060000,51.510000
1083,"SURREY QUAYS",535631,178962,"London Overground",,,,Yes,,2,-0.050000,51.490000
1085,WAPPING,535023,180174,"London Overground",,,,Yes,,2,-0.050000,51.500000
1335,"BARKING RIVERSIDE",546824,182141,"London Overground",,,,Yes,,4,0.110000,51.520000
1395,BUSHEY,511823,195237,"London Overground",,,,Yes,,8,-0.380000,51.640000
1398,"HATCH END",513054,191323,"London Overground",,,,Yes,,6,-0.370000,51.610000
1402,"WATFORD JUNCTION",511021,197351,"London Overground",,,,Yes,,8,-0.390000,51.660000
1404,"ACTON CENTRAL",520296,181196,"London Overground",,,,Yes,,3,-0.260000,51.510000
1409,"GOSPEL OAK",528277,185673,"London Overground",,,,Yes,,2,-0.150000,51.550000
1413,"HAMPSTEAD HEATH",527265,185636,"London Overground",,,,Yes,,2,-0.160000,51.550000
1415,"KILBURN HIGH ROAD",525475,183594,"London Overground",,,,Yes,,2,-0.190000,51.540000
1421,"WEST HAMPSTEAD LO",525579,184651,"London Overground",,,,Yes,,2,-0.190000,51.550000
1429,"DALSTON KINGSLAND",533528,185027,"London Overground",,,,Yes,,2,-0.070000,51.550000
1437,BRONDESBURY,524760,184467,"London Overground",,,,Yes,,2,-0.200000,51.540000
1438,"BRONDESBURY PARK",524227,183953,"London Overground",,,,Yes,,2,-0.210000,51.540000
1439,"CALEDONIAN ROAD & BARNSBURY",530765,184374,"London Overground",,,,Yes,,2,-0.110000,51.540000
1440,"CAMDEN ROAD",529171,184178,"London Overground",,,,Yes,,2,-0.140000,51.540000
1441,CANONBURY,532384,185035,"London Overground",,,,Yes,,2,-0.090000,51.550000
1442,"CARPENDERS PARK",511833,193398,"London Overground",,,,Yes,,7,-0.380000,51.630000
1443,"DALSTON JUNCTION",533578,184692,"London Overground",,,,Yes,,2,-0.070000,51.540000
1444,"EUSTON NR",529608,182690,"London Overground",,,,Yes,,1,-0.130000,51.530000
1445,"FINCHLEY ROAD & FROGNAL",526063,185057,"London Overground",,,,Yes,,2,-0.180000,51.550000
1448,"KENSAL RISE",523578,183250,"London Overground",,,,Yes,,2,-0.220000,51.530000
1449,"KENTISH TOWN WEST",528597,184691,"London Overground",,,,Yes,,2,-0.150000,51.550000
1451,"SOUTH HAMPSTEAD",526369,184096,"London Overground",,,,Yes,,2,-0.180000,51.540000
1452,"SOUTH ACTON",520148,179250,"London Overground",,,,Yes,,3,-0.270000,51.500000
1455,"WATFORD HIGH STREET",511326,196075,"London Overground",,,,Yes,,8,-0.390000,51.650000
1524,"UPPER HOLLOWAY",529776,186621,"London Overground",,,,Yes,,2,-0.130000,51.560000
3000,"ACTON MAIN LINE",520357,182233,"TfL Rail",,,Yes,,,3,-0.270000,51.520000
3087,"PADDINGTON NR",526659,181314,"TfL Rail",,,Yes,,,1,-0.170000,51.520000
3147,MAIDENHEAD,488724,180745,"TfL Rail",,,Yes,,,-1,-0.720000,51.520000
3149,READING,471527,173813,"TfL Rail",,,Yes,,,-1,-0.970000,51.460000
3151,TAPLOW,491579,181340,"TfL Rail",,,Yes,,,-1,-0.680000,51.520000
3155,TWYFORD,479041,175787,"TfL Rail",,,Yes,,,-1,-0.860000,51.480000
3170,IVER,503729,179898,"TfL Rail",,,Yes,,,-1,-0.510000,51.510000
3171,LANGLEY,501299,179800,"TfL Rail",,,Yes,,,-1,-0.540000,51.510000
3172,SLOUGH,497838,180157,"TfL Rail",,,Yes,,,-1,-0.590000,51.510000
3174,"WEST DRAYTON",506124,180122,"TfL Rail",,,Yes,,,6,-0.470000,51.510000
3176,BURNHAM,494007,181378,"TfL Rail",,,Yes,,,-1,-0.650000,51.520000
3186,"HEADSTONE LANE",513869,190584,"London Overground",,,,Yes,,5,-0.360000,51.600000
3186,"HAYES AND HARLINGTON",509717,179417,"TfL Rail",,,Yes,,,5,-0.420000,51.500000
3187,SOUTHALL,512620,179804,"TfL Rail",,,Yes,,,4,-0.380000,51.510000
3188,"WEST EALING",516690,180749,"TfL Rail",,,Yes,,,3,-0.320000,51.510000
3191,HANWELL,514944,180392,"TfL Rail",,,Yes,,,4,-0.340000,51.510000
5131,"ABBEY WOOD",547297,179002,"TfL Rail",,,Yes,,,4,0.000000,51.530000
5150,"NEW CROSS",536751,177109,"London Overground",,,,Yes,,2,-0.030000,51.480000
5301,"CLAPHAM HIGH STREET",529804,175717,"London Overground",,,,Yes,,2,-0.130000,51.470000
5345,"NEW CROSS GATE",536195,176937,"London Overground",,,,Yes,,2,-0.040000,51.470000
5356,"CRYSTAL PALACE",534111,170555,"London Overground",,,,Yes,,"3,4",-0.070000,51.420000
5362,"FOREST HILL",535400,172936,"London Overground",,,,Yes,,3,-0.050000,51.440000
5372,"WANDSWORTH ROAD",529390,176196,"London Overground",,,,Yes,,2,-0.140000,51.470000
5376,"NORWOOD JUNCTION",534012,168233,"London Overground",,,,Yes,,4,-0.070000,51.400000
5378,"PENGE WEST",534942,170503,"London Overground",,,,Yes,,4,-0.060000,51.420000
5397,ANERLEY,534617,169899,"London Overground",,,,Yes,,4,-0.060000,51.410000
5404,BROCKLEY,536431,175789,"London Overground",,,,Yes,,2,-0.040000,51.460000
5411,"WEST CROYDON NR",532133,166072,"London Overground",,,,Yes,,5,-0.100000,51.380000
5418,"HONOR OAK PARK",535896,174137,"London Overground",,,,Yes,,3,-0.040000,51.450000
5420,"BATTERSEA PARK",528703,176999,"London Overground",,,,Yes,,2,-0.150000,51.480000
5421,"DENMARK HILL",532792,176078,"London Overground",,,,Yes,,2,-0.090000,51.470000
5423,"PECKHAM RYE",534222,176360,"London Overground",,,,Yes,,2,-0.070000,51.470000
5424,"QUEENS ROAD PECKHAM",535011,176751,"London Overground",,,,Yes,,2,-0.060000,51.470000
5437,SYDENHAM,535369,171585,"London Overground",,,,Yes,,3,-0.050000,51.430000
5595,"CLAPHAM JUNCTION",527211,175416,"London Overground",,,,Yes,,2,-0.170000,51.460000
6560,"CANARY WHARF EL",537650,180451,"TfL Rail",,,Yes,,,2,-0.020000,51.510000
6562,WOOLWICH,543931,178994,"TfL Rail",,,Yes,,,4,0.070000,51.490000
6814,CHESHUNT,536644,202316,"London Overground",,,,Yes,,8,-0.020000,51.700000
6867,"HACKNEY DOWNS",534551,185122,"London Overground",,,,Yes,,2,-0.060000,51.550000
6872,BRENTWOOD,559339,193033,"TfL Rail",,,Yes,,,9,0.300000,51.610000
6874,"CHADWELL HEATH",547676,187607,"TfL Rail",,,Yes,,,5,0.130000,51.570000
6876,"FOREST GATE",540470,185339,"TfL Rail",,,Yes,,,3,0.030000,51.550000
6877,"GIDEA PARK",552906,189285,"TfL Rail",,,Yes,,,6,0.210000,51.580000
6878,GOODMAYES,546398,187292,"TfL Rail",,,Yes,,,4,0.110000,51.570000
6879,"HAROLD WOOD",554777,190568,"TfL Rail",,,Yes,,,6,0.230000,51.590000
6881,ILFORD,543535,186486,"TfL Rail",,,Yes,,,4,0.070000,51.560000
6883,"MANOR PARK",541951,185707,"TfL Rail",,,Yes,,,4,0.050000,51.550000
6886,ROMFORD,551387,188501,"London Overground, TfL Rail",,,Yes,Yes,,6,0.180000,51.570000
6888,SHENFIELD,561361,194981,"TfL Rail",,,Yes,,,-1,0.330000,51.630000
6893,"SEVEN KINGS",545454,187093,"TfL Rail",,,Yes,,,4,0.100000,51.560000
6913,"BUSH HILL PARK",533690,195389,"London Overground",,,,Yes,,5,-0.070000,51.640000
6914,CHINGFORD,539210,194632,"London Overground",,,,Yes,,5,0.010000,51.630000
6919,"HIGHAMS PARK",538582,191843,"London Overground",,,,Yes,,4,0.000000,51.610000
6926,CLAPTON,534775,186528,"London Overground",,,,Yes,,"2,3",-0.060000,51.560000
6934,"STOKE NEWINGTON",533723,186850,"London Overground",,,,Yes,,2,-0.070000,51.560000
6941,"EDMONTON GREEN",534318,193573,"London Overground",,,,Yes,,4,-0.060000,51.620000
6947,SOUTHBURY,534904,196237,"London Overground",,,,Yes,,5,-0.050000,51.650000
6949,"THEOBALDS GROVE",535936,201110,"London Overground",,,,Yes,,7,-0.030000,51.690000
6952,"TURKEY STREET",535121,198870,"London Overground",,,,Yes,,6,-0.050000,51.670000
6954,"WOOD STREET",538493,189407,"London Overground",,,,Yes,,4,0.000000,51.590000
6956,"WHITE HART LANE",533693,191333,"London Overground",,,,Yes,,3,-0.070000,51.600000
6958,"BRUCE GROVE",533800,190100,"London Overground",,,,Yes,,3,-0.070000,51.590000
6959,"ENFIELD TOWN",532968,196562,"London Overground",,,,Yes,,5,-0.080000,51.650000
6961,"BETHNAL GREEN LO",534721,182351,"London Overground",,,,Yes,,2,-0.060000,51.520000
6962,"CAMBRIDGE HEATH",534856,183270,"London Overground",,,,Yes,,2,-0.060000,51.530000
6965,"LIVERPOOL STREET NR",533094,181567,"TfL Rail",,,Yes,,,1,-0.080000,51.520000
6966,"LONDON FIELDS",534775,184246,"London Overground",,,,Yes,,2,-0.060000,51.540000
6967,"RECTORY ROAD",534011,186171,"London Overground",,,,Yes,,2,-0.070000,51.560000
6968,"STAMFORD HILL",533392,187955,"London Overground",,,,Yes,,3,-0.070000,51.570000
6970,MARYLAND,539190,184924,"TfL Rail",,,Yes,,,3,0.010000,51.550000
6972,"SILVER STREET",533922,192445,"London Overground",,,,Yes,,4,-0.070000,51.610000
6973,"ST JAMES STREET",536402,188694,"London Overground",,,,Yes,,3,-0.030000,51.580000
6977,"HACKNEY CENTRAL",534837,184916,"London Overground",,,,Yes,,3,-0.060000,51.550000
6978,"HACKNEY WICK",537166,184589,"London Overground",,,,Yes,,2,-0.020000,51.540000
6979,HOMERTON,535848,184939,"London Overground",,,,Yes,,2,-0.040000,51.550000
7090,"HEATHROW TERMINALS 2 & 3 EL",507586,175840,"TfL Rail",,,Yes,,,6,-0.450000,51.470000
7091,"HEATHROW TERMINAL 4 EL",508082,174430,"TfL Rail",,,Yes,,,6,-0.440000,51.460000
7401,"HARRINGAY GREEN LANES",531874,188183,"London Overground",,,,Yes,,3,-0.100000,51.580000
7402,"LEYTON MIDLAND ROAD",538191,187523,"London Overground",,,,Yes,,3,-0.010000,51.570000
7403,"LEYTONSTONE HIGH ROAD",539245,186921,"London Overground",,,,Yes,,3,0.010000,51.560000
7404,"SOUTH TOTTENHAM",533687,188621,"London Overground",,,,Yes,,3,-0.070000,51.580000
7406,"CROUCH HILL",530590,187513,"London Overground",,,,Yes,,3,-0.120000,51.570000
7407,"WALTHAMSTOW QUEEN'S ROAD",537018,188807,"London Overground",,,,Yes,,3,-0.020000,51.580000
7408,"WANSTEAD PARK",540570,185590,"London Overground",,,,Yes,,3,0.030000,51.550000
7467,"WOODGRANGE PARK",541821,185350,"London Overground",,,,Yes,,"3,4",0.050000,51.550000
7473,"EMERSON PARK",553962,187871,"London Overground",,,,Yes,,6,0.220000,51.570000
8776,"WEST CROYDON (TRAMLINK)",532210,166142,Tramlink,Tramlink,,,,,5,-0.100000,51.380000
8777,"WIMBLEDON (TRAMLINK)",524838,170637,Tramlink,Tramlink,,,,,3,-0.200000,51.420000
8779,WOODSIDE,534701,167101,Tramlink,Tramlink,,,,,5,-0.060000,51.390000
9440,ADDISCOMBE,534188,166297,Tramlink,Tramlink,,,,,5,-0.070000,51.380000
9441,"ADDINGTON VILLAGE",537066,163744,Tramlink,Tramlink,,,,,6,-0.030000,51.360000
9442,"AMPERE WAY",530664,166485,Tramlink,Tramlink,,,,,4,-0.120000,51.380000
9443,ARENA,535194,167627,Tramlink,Tramlink,,,,,4,-0.060000,51.390000
9444,"AVENUE ROAD",535745,169322,Tramlink,Tramlink,,,,,4,-0.050000,51.410000
9445,"BECKENHAM JUNCTION (TRAMLINK)",537365,169843,Tramlink,Tramlink,,,,,4,-0.020000,51.410000
9446,"BECKENHAM ROAD",536190,169660,Tramlink,Tramlink,,,,,4,-0.040000,51.410000
9449,"BEDDINGTON LANE",529316,167236,Tramlink,Tramlink,,,,,4,-0.140000,51.390000
9450,"BELGRAVE WALK",526809,168456,Tramlink,Tramlink,,,,,4,-0.180000,51.400000
9454,"BIRKBECK (TRAMLINK)",535305,168963,Tramlink,Tramlink,,,,,4,-0.050000,51.400000
9459,"BLACKHORSE LANE",534377,166865,Tramlink,Tramlink,,,,,5,-0.070000,51.380000
9460,"CHURCH STREET",532037,165557,Tramlink,Tramlink,,,,,5,-0.100000,51.370000
9464,"COOMBE LANE",535159,164090,Tramlink,Tramlink,,,,,5,-0.060000,51.360000
9468,"DUNDONALD ROAD",524728,170256,Tramlink,Tramlink,,,,,3,-0.210000,51.420000
9470,"EAST CROYDON (TRAMLINK)",532851,165702,Tramlink,Tramlink,,,,,5,-0.090000,51.370000
9471,"ELMERS END (TRAMLINK)",535779,168391,Tramlink,Tramlink,,,,,4,-0.050000,51.400000
9472,FIELDWAY,537684,163173,Tramlink,Tramlink,,,,,6,-0.020000,51.350000
9473,"GEORGE STREET",532408,165587,Tramlink,Tramlink,,,,,5,-0.100000,51.370000
9474,"GRAVEL HILL",536373,163537,Tramlink,Tramlink,,,,,6,-0.040000,51.350000
9475,"HARRINGTON ROAD",535017,168522,Tramlink,Tramlink,,,,,4,-0.060000,51.400000
9476,"KING HENRY'S DRIVE",537977,162560,Tramlink,Tramlink,,,,,6,-0.020000,51.340000
9477,"LEBANON ROAD",533348,165756,Tramlink,Tramlink,,,,,5,-0.080000,51.370000
9478,"LLOYD PARK",533715,164541,Tramlink,Tramlink,,,,,5,-0.080000,51.360000
9479,"MERTON PARK",525179,169835,Tramlink,Tramlink,,,,,3,-0.200000,51.410000
9480,MITCHAM,527331,168086,Tramlink,Tramlink,,,,,4,-0.170000,51.400000
9481,"MITCHAM JUNCTION (TRAMLINK)",528300,167568,Tramlink,Tramlink,,,,,4,-0.160000,51.390000
9482,"MORDEN ROAD",525779,169309,Tramlink,Tramlink,,,,,4,-0.190000,51.410000
9484,"NEW ADDINGTON",538198,162244,Tramlink,Tramlink,,,,,6,-0.020000,51.340000
9485,"PHIPPS BRIDGE",526529,168725,Tramlink,Tramlink,,,,,4,-0.180000,51.400000
9486,"REEVES CORNER",531903,165672,Tramlink,Tramlink,,,,,5,-0.100000,51.370000
9487,SANDILANDS,533890,165741,Tramlink,Tramlink,,,,,5,-0.080000,51.370000
9488,CENTRALE,532066,165786,Tramlink,Tramlink,,,,,5,-0.100000,51.380000
9491,"THERAPIA LANE",530283,166842,Tramlink,Tramlink,,,,,4,-0.130000,51.390000
9497,"WADDON MARSH",531090,165897,Tramlink,Tramlink,,,,,5,-0.120000,51.380000
9498,"WANDLE PARK",531414,165512,Tramlink,Tramlink,,,,,5,-0.110000,51.370000
9499,"WELLESLEY ROAD",532506,165769,Tramlink,Tramlink,,,,,5,-0.100000,51.370000
9586,"IMPERIAL WHARF",526291,176691,"London Overground",,,,Yes,,2,-0.180000,51.470000
9587,"SHEPHERD'S BUSH NR",523720,179920,"London Overground",,,,Yes,,2,-0.220000,51.500000
9846,"HEATHROW TERMINAL 5 EL",505109,175924,"TfL Rail",,,Yes,,,6,-0.490000,51.470000
